date,usd_sgd,eur_sgd,gbp_sgd,jpy_sgd
2020-01-01,1.3593,,1.7522,0.012448
2020-01-02,1.3557,1.5109,1.7431,0.012504
2020-01-03,1.3527,1.5158,1.7261,0.012544
2020-01-06,1.3526,1.5222,1.7183,0.012552
2020-01-07,1.356,1.5185,1.7087,0.012542
2020-01-08,1.3586,1.5112,1.7105,0.012559
2020-01-09,,1.5135,1.717,0.012598
2020-01-10,1.3698,1.5027,1.7219,
2020-01-13,1.3759,1.5066,1.7272,0.012503
2020-01-14,1.3818,1.5072,1.7224,0.012517
2020-01-15,1.3835,1.5083,1.7122,0.012511
2020-01-16,1.3851,1.509,1.7138,0.012552
2020-01-17,1.3832,1.5145,,0.012495
2020-01-20,1.3752,1.5058,1.7118,0.012543
2020-01-21,1.3701,1.5011,1.7256,0.012494
2020-01-22,1.3624,,1.7165,0.012498
2020-01-23,1.3688,1.5018,1.724,0.012458
2020-01-24,1.3713,1.4988,1.7254,0.012526
2020-01-27,1.3679,1.4938,1.7335,0.012499
2020-01-28,1.3724,1.4937,1.7399,0.012499
2020-01-29,1.3658,1.4855,1.7463,0.012527
2020-01-30,1.3636,1.4816,1.7423,0.01246
2020-01-31,1.3587,1.4852,1.7227,0.012548
2020-02-03,1.3617,1.4916,1.7241,0.012587
2020-02-04,1.3628,1.4892,1.7214,0.012597
2020-02-05,1.3672,1.4917,1.7219,0.012582
2020-02-06,1.3684,1.4885,1.7161,0.012613
2020-02-07,1.3703,1.4855,1.7083,0.012624
2020-02-10,1.3723,1.4747,1.705,0.012672
2020-02-11,1.3762,1.4733,1.7049,0.01267
2020-02-12,1.3808,1.4707,1.7059,0.012647
2020-02-13,1.384,1.4665,1.7067,0.012702
2020-02-14,1.3882,1.4731,1.7181,0.012664
2020-02-17,1.3927,1.464,1.7205,0.012647
2020-02-18,1.3887,1.4663,1.726,0.012661
2020-02-19,1.3869,1.4762,1.7127,0.012597
2020-02-20,1.3834,1.4624,1.7195,0.012606
2020-02-21,1.3818,1.4516,1.7195,0.012644
2020-02-24,1.3781,1.4587,1.7115,0.012742
2020-02-25,1.3741,1.4644,1.7161,0.012743
2020-02-26,1.3721,1.4573,1.7111,0.012766
2020-02-27,1.3819,1.4623,1.7177,0.012819
2020-02-28,1.3757,1.473,1.7242,0.012818
2020-03-02,1.3757,1.4646,1.7286,0.01278
2020-03-03,1.383,1.4708,1.7233,0.01277
2020-03-04,1.3729,1.4615,1.7184,0.012735
2020-03-05,1.3668,1.4657,1.7133,0.012783
2020-03-06,1.3704,1.4754,1.7272,0.01278
2020-03-09,1.3731,1.4696,1.7281,0.012802
2020-03-10,1.3725,1.4795,,0.012797
2020-03-11,1.375,1.472,1.7228,0.012798
2020-03-12,1.3694,1.4667,1.7164,0.012785
2020-03-13,1.3704,1.4666,1.7237,0.0128
2020-03-16,1.3673,1.4648,1.7144,0.012805
2020-03-17,1.3725,1.4592,1.7189,0.012802
2020-03-18,1.3706,1.4666,1.7276,0.012775
2020-03-19,1.3731,1.4748,1.7335,0.012717
2020-03-20,1.3696,1.468,1.736,0.012715
2020-03-23,1.3632,1.4763,1.727,0.012687
2020-03-24,1.3631,1.4824,1.7252,0.012706
2020-03-25,1.3631,1.4906,1.7166,0.012745
2020-03-26,1.3574,1.4843,1.7253,0.012757
2020-03-27,1.3595,1.49,1.7229,0.012715
2020-03-30,1.3548,1.4886,1.7263,0.012781
2020-03-31,1.3611,1.4803,1.7188,0.012742
2020-04-01,1.3578,1.4697,1.7163,0.012786
2020-04-02,1.3575,1.4678,1.724,0.012797
2020-04-03,1.3525,1.4788,1.7342,0.012808
2020-04-06,1.3508,1.4815,1.7383,0.012844
2020-04-07,1.3505,1.4876,1.7381,0.012835
2020-04-08,1.3512,1.4912,1.7294,0.012884
2020-04-09,1.3468,1.5006,1.7277,0.012908
2020-04-10,1.3519,1.5035,1.7211,0.012947
2020-04-13,1.3501,1.5089,1.7284,0.012917
2020-04-14,1.3522,1.5097,1.7306,0.0129
2020-04-15,1.3497,1.5068,1.7278,0.012918
2020-04-16,1.3515,1.4995,1.7293,0.012918
2020-04-17,1.3491,1.4926,1.7228,0.012882
2020-04-20,1.3404,1.4998,1.7246,0.012913
2020-04-21,1.3389,1.4943,1.7207,0.01288
2020-04-22,1.3402,1.4961,1.7165,0.012893
2020-04-23,1.3401,1.4892,1.7206,0.012888
2020-04-24,1.3391,,1.7151,0.012897
2020-04-27,1.3297,1.479,1.7105,0.012938
2020-04-28,1.336,1.4837,1.6974,0.012926
2020-04-29,1.3294,1.4847,1.7126,0.012934
2020-04-30,1.3283,1.4894,1.7288,0.012918
2020-05-01,1.33,1.4964,1.7359,0.01296
2020-05-04,1.3307,1.5067,1.7361,0.012931
2020-05-05,1.3293,1.5036,1.7305,0.012809
2020-05-06,1.3289,1.5062,1.7255,0.012822
2020-05-07,1.3314,1.507,1.7417,0.012744
2020-05-08,1.3316,1.5128,1.7485,0.012728
2020-05-11,1.3348,1.5107,1.7596,0.012683
2020-05-12,1.3298,1.5139,1.7712,0.012648
2020-05-13,1.3299,1.5115,1.7587,0.012682
2020-05-14,1.3324,1.5079,1.7499,0.012712
2020-05-15,1.3317,1.499,1.7527,0.012761
2020-05-18,1.3324,1.4865,1.7581,0.012707
2020-05-19,1.3333,1.4779,,0.012735
2020-05-20,1.3343,1.4787,1.7581,
2020-05-21,1.3285,1.473,1.7598,0.012851
2020-05-22,1.3364,1.4681,1.7486,0.012835
2020-05-25,1.3328,1.4703,1.7487,0.012914
2020-05-26,1.3252,1.4661,1.7367,0.012955
2020-05-27,,1.4591,1.7319,0.012939
2020-05-28,1.319,1.453,1.7249,0.012881
2020-05-29,1.3228,1.4527,1.7273,0.012835
2020-06-01,1.3221,1.4513,1.7367,0.012854
2020-06-02,1.319,1.4446,1.7345,0.012859
2020-06-03,1.3159,1.4413,1.7242,0.012862
2020-06-04,1.3185,1.4416,1.7455,0.012846
2020-06-05,1.3193,1.4428,1.745,0.012849
2020-06-08,1.3141,1.4534,1.7455,0.012815
2020-06-09,1.3199,1.4483,1.7513,0.012793
2020-06-10,1.3168,1.4467,1.7494,0.012786
2020-06-11,1.3143,1.4438,,0.012828
2020-06-12,1.3137,1.4436,1.7476,0.012804
2020-06-15,1.3133,1.446,1.7493,0.012835
2020-06-16,1.3153,1.4476,1.7509,0.012802
2020-06-17,1.3114,1.449,1.7513,0.012863
2020-06-18,1.3125,1.4563,1.7514,0.012876
2020-06-19,1.3135,1.4573,1.7546,0.012878
2020-06-22,1.311,,1.7425,0.012868
2020-06-23,1.3073,,1.7413,0.012853
2020-06-24,1.3107,1.4583,1.7373,0.012887
2020-06-25,1.3106,1.456,1.7316,0.012897
2020-06-26,1.3113,1.461,1.7332,0.012912
2020-06-29,1.3164,,1.7307,0.012963
2020-06-30,1.3214,1.4748,1.7285,0.01299
2020-07-01,1.3245,1.4754,1.7302,0.012994
2020-07-02,1.3239,1.4802,1.7401,0.012946
2020-07-03,1.3218,1.486,1.751,0.012905
2020-07-06,1.3233,1.4746,1.7545,
2020-07-07,1.3235,1.4725,1.7607,0.012891
2020-07-08,1.3186,1.476,1.7598,0.012881
2020-07-09,1.3163,1.4643,1.7624,0.012878
2020-07-10,1.3198,1.4575,1.7566,0.012888
2020-07-13,1.3171,1.4541,1.7625,0.012874
2020-07-14,1.3163,1.4421,1.7769,0.012873
2020-07-15,1.3158,1.4377,1.7778,0.012893
2020-07-16,1.3215,1.4351,1.7691,0.012847
2020-07-17,1.3244,1.445,1.7635,0.012829
2020-07-20,1.323,1.4481,1.7699,0.012791
2020-07-21,1.3146,1.4589,1.7727,
2020-07-22,1.3154,1.4638,1.7762,0.01277
2020-07-23,1.3148,1.461,1.7882,0.012796
2020-07-24,1.3175,1.4614,1.79,0.012797
2020-07-27,1.3141,1.455,1.7933,0.012743
2020-07-28,1.3068,1.4561,1.7851,0.012766
2020-07-29,,1.4541,1.783,0.012755
2020-07-30,1.3064,1.4599,1.7923,0.012793
2020-07-31,1.306,1.4639,1.7901,
2020-08-03,1.3129,1.4717,1.7871,0.01282
2020-08-04,1.3174,1.4698,1.7781,0.012892
2020-08-05,1.3166,1.4725,1.7711,0.01294
2020-08-06,1.3152,1.4799,1.7655,0.012955
2020-08-07,1.3164,1.4761,1.7579,
2020-08-10,1.3163,1.4721,1.7699,0.012907
2020-08-11,1.3171,1.4776,1.77,0.012865
2020-08-12,1.3209,1.479,1.7596,0.012881
2020-08-13,1.3247,1.4745,1.7497,0.012866
2020-08-14,1.3251,1.4777,1.7479,0.012868
2020-08-17,1.3318,1.4728,1.7457,0.012854
2020-08-18,1.3271,1.487,1.7449,0.012888
2020-08-19,1.3286,1.4918,1.7628,0.01288
2020-08-20,1.3346,1.4842,1.7651,0.012866
2020-08-21,1.3363,1.4842,1.7613,0.012874
2020-08-24,1.339,1.4881,1.7674,0.012908
2020-08-25,1.3425,1.4918,1.778,0.01298
2020-08-26,1.3428,1.4883,1.7682,0.012986
2020-08-27,1.3412,1.4841,1.7619,0.013006
2020-08-28,1.3381,1.4869,1.7607,0.013009
2020-08-31,1.3325,1.4787,1.7605,0.012977
2020-09-01,1.3335,,1.7498,0.012977
2020-09-02,1.3332,1.4835,1.7599,0.012986
2020-09-03,1.3354,1.4827,1.7575,0.012934
2020-09-04,1.3349,1.4847,1.7691,0.012943
2020-09-07,1.335,1.4868,1.7704,0.012941
2020-09-08,1.3422,1.4874,1.7703,0.012894
2020-09-09,1.3428,1.4901,1.7603,0.012862
2020-09-10,1.3395,1.4893,1.7593,0.012898
2020-09-11,1.3415,1.49,1.761,0.012882
2020-09-14,1.3413,1.4878,1.7574,0.012877
2020-09-15,1.3434,1.4849,1.7703,0.012882
2020-09-16,1.3457,1.4825,1.7724,0.012841
2020-09-17,1.3501,1.4773,1.7532,0.012796
2020-09-18,1.3546,1.4793,1.7596,0.012822
2020-09-21,1.3576,1.4792,1.7642,0.01283
2020-09-22,1.3596,1.4823,1.7641,0.012846
2020-09-23,1.3575,1.4862,1.7686,0.012849
2020-09-24,1.3558,1.4822,,0.012845
2020-09-25,1.3557,1.483,1.7774,0.012899
2020-09-28,1.3513,1.4748,1.7923,0.012897
2020-09-29,1.3553,1.4739,1.7934,0.012908
2020-09-30,1.3585,1.4672,1.7907,0.012938
2020-10-01,1.3547,1.4793,1.7953,0.013003
2020-10-02,1.3518,1.4917,1.7864,0.012983
2020-10-05,1.3537,1.5025,1.7863,0.013003
2020-10-06,1.3502,1.5037,1.8001,0.013007
2020-10-07,1.3507,1.5045,1.7962,0.012989
2020-10-08,1.3476,1.5021,1.7755,0.013002
2020-10-09,1.3416,1.4975,1.7755,0.013028
2020-10-12,1.343,1.5021,1.7787,0.013064
2020-10-13,1.339,1.5066,1.7882,0.013127
2020-10-14,1.3355,1.5064,1.7803,0.013101
2020-10-15,1.3303,1.5035,1.7776,0.013103
2020-10-16,1.328,1.4991,1.7868,0.013039
2020-10-19,1.3358,1.5012,1.7784,0.012948
2020-10-20,1.3326,,1.7775,0.012897
2020-10-21,1.332,1.4949,1.7774,0.012921
2020-10-22,1.3337,1.482,1.7744,0.012902
2020-10-23,1.3333,1.493,1.7869,0.012917
2020-10-26,1.334,1.4831,1.7787,0.012998
2020-10-27,1.3376,1.4813,1.7813,0.013039
2020-10-28,1.3396,1.4839,1.7771,0.01296
2020-10-29,1.3427,1.4832,1.7667,0.012942
2020-10-30,1.3403,1.4836,1.767,0.012884
2020-11-02,1.3385,1.4845,1.7827,
2020-11-03,1.334,1.4895,1.8016,0.012885
2020-11-04,,1.4925,1.816,0.012847
2020-11-05,1.3254,1.4921,1.8211,0.012823
2020-11-06,1.33,1.4919,1.8193,0.012886
2020-11-09,1.329,1.4973,1.8059,0.012872
2020-11-10,1.3221,1.4855,1.7988,0.01286
2020-11-11,1.3267,1.4867,1.804,0.012912
2020-11-12,1.3257,1.4894,1.8011,0.012903
2020-11-13,1.3292,1.4797,1.7992,0.012925
2020-11-16,1.3312,1.4789,1.7907,0.012966
2020-11-17,1.3319,1.48,1.7912,0.012951
2020-11-18,1.3365,1.4807,1.7987,0.013025
2020-11-19,1.3381,1.4813,1.804,0.013064
2020-11-20,1.3448,1.4857,1.804,
2020-11-23,1.3412,1.4875,1.8113,0.013103
2020-11-24,1.3417,1.4827,1.8192,0.013091
2020-11-25,1.3426,1.4825,1.8164,0.013048
2020-11-26,1.3408,1.4931,1.8216,0.013124
2020-11-27,1.3426,1.5004,1.8187,0.013141
2020-11-30,1.3374,1.4929,1.8225,0.013147
2020-12-01,1.3399,1.4848,1.8298,0.013153
2020-12-02,1.3372,1.4866,1.8371,0.013121
2020-12-03,1.3413,1.475,1.8389,0.013064
2020-12-04,1.3395,1.475,1.8268,0.01314
2020-12-07,1.336,1.4707,1.8236,0.013121
2020-12-08,1.3365,1.4671,1.8163,0.013102
2020-12-09,1.3423,1.4728,1.8109,0.013053
2020-12-10,1.3472,1.4708,1.8082,0.013044
2020-12-11,1.3485,1.4647,1.8087,0.013048
2020-12-14,1.3488,1.469,1.8166,0.013106
2020-12-15,1.3516,1.4684,1.8098,0.013094
2020-12-16,1.3536,1.4707,1.8112,0.013139
2020-12-17,1.3483,1.4743,1.8036,0.013149
2020-12-18,1.3426,1.4755,1.8034,0.013138
2020-12-21,1.3458,1.4829,1.808,0.013087
2020-12-22,1.3442,1.4792,1.8148,0.01307
2020-12-23,1.3543,1.4705,1.8213,
2020-12-24,1.353,1.4629,1.8201,0.013063
2020-12-25,1.355,1.4669,1.8161,0.013076
2020-12-28,,1.468,1.8263,0.013021
2020-12-29,1.3485,1.4746,1.8245,0.012933
2020-12-30,1.3524,1.4647,1.8298,0.012932
2020-12-31,1.3491,1.4646,1.8153,0.012874
2021-01-01,1.348,1.474,1.8207,0.01283
2021-01-04,1.3434,1.4727,1.8137,0.012761
2021-01-05,1.3425,1.4753,1.8115,0.012717
2021-01-06,1.3398,1.4825,1.8168,
2021-01-07,1.3411,1.5039,1.8041,0.012874
2021-01-08,1.3492,1.4999,1.8148,0.012931
2021-01-11,1.3444,1.4999,1.8221,0.012918
2021-01-12,1.3491,,1.8205,0.012929
2021-01-13,1.3536,1.4972,1.826,0.012921
2021-01-14,1.356,1.51,1.8283,0.012958
2021-01-15,1.3637,1.5166,1.8226,0.012903
2021-01-18,1.3576,1.5224,1.8155,0.012956
2021-01-19,1.3577,1.5173,1.8205,0.012982
2021-01-20,1.3657,1.5139,1.8195,0.012954
2021-01-21,1.3691,,1.8104,0.012968
2021-01-22,1.3656,1.496,1.8228,0.013011
2021-01-25,1.364,1.4981,1.8305,0.012982
2021-01-26,1.3618,1.4965,1.8255,0.013014
2021-01-27,1.3604,1.4961,1.8321,0.012972
2021-01-28,1.3619,1.4997,1.8327,0.013009
2021-01-29,1.3612,1.4938,1.8405,0.013021
2021-02-01,1.3547,1.5047,1.8359,0.012986
2021-02-02,1.3557,1.4963,1.8345,0.012955
2021-02-03,1.3558,1.489,1.8318,0.013015
2021-02-04,1.3564,1.4913,1.8349,0.013034
2021-02-05,1.3558,1.4868,1.8331,0.013034
2021-02-08,1.3599,1.4807,1.8291,0.013098
2021-02-09,1.3584,1.4847,1.8336,0.013109
2021-02-10,1.3534,1.4757,1.8237,0.01311
2021-02-11,1.352,1.4811,1.8261,0.013113
2021-02-12,1.3563,1.4918,1.8274,0.013136
2021-02-15,1.349,1.4903,1.8287,0.0132
2021-02-16,1.3486,1.4958,1.8285,0.013165
2021-02-17,1.3517,1.4986,1.8275,0.013124
2021-02-18,1.3513,1.5038,1.8219,0.013168
2021-02-19,1.3489,1.5043,1.8274,0.013134
2021-02-22,1.3434,1.5018,1.8097,0.01309
2021-02-23,1.3463,1.5025,1.8063,0.013099
2021-02-24,1.3492,1.4967,1.8106,0.013151
2021-02-25,1.3496,1.4905,1.8087,0.013116
2021-02-26,1.353,1.4824,1.8047,0.013148
2021-03-01,1.3609,1.4835,1.8086,0.013163
2021-03-02,1.3548,1.4851,1.8167,0.013171
2021-03-03,1.3579,1.4989,1.8146,0.013146
2021-03-04,1.359,1.4954,1.8041,0.013131
2021-03-05,1.357,1.4997,1.8045,0.013164
2021-03-08,1.3564,1.4995,1.8085,0.013203
2021-03-09,1.3655,1.4984,1.8059,0.013248
2021-03-10,1.3644,1.5052,1.8035,0.013194
2021-03-11,1.3662,1.5099,1.8015,0.013155
2021-03-12,1.3653,1.5155,1.8063,0.013108
2021-03-15,1.3679,1.5146,1.8027,0.013198
2021-03-16,1.3712,1.5077,1.8003,0.013252
2021-03-17,1.3752,1.5123,1.7945,0.01324
2021-03-18,1.3697,1.5128,1.7988,0.013244
2021-03-19,1.374,1.5071,1.805,0.013211
2021-03-22,1.3791,1.5106,1.8241,0.013188
2021-03-23,,1.5154,1.8307,0.013241
2021-03-24,1.3767,1.5178,1.8346,0.013186
2021-03-25,1.3747,1.5223,1.8354,0.013174
2021-03-26,1.3717,1.5344,1.8357,0.013276
2021-03-29,1.3684,1.552,1.8334,0.013238
2021-03-30,1.3683,1.5533,1.8414,0.013235
2021-03-31,1.3731,1.5501,1.8478,0.013253
2021-04-01,,1.5488,1.8452,0.013209
2021-04-02,1.3727,1.5455,1.8529,0.013295
2021-04-05,1.3679,1.5417,1.8648,0.013349
2021-04-06,1.3653,1.547,1.8615,0.01338
2021-04-07,1.3645,1.5432,1.8422,0.013355
2021-04-08,1.3614,1.5412,1.8444,0.013305
2021-04-09,1.3565,1.5373,1.8339,0.013308
2021-04-12,1.3522,1.5299,1.8389,0.013339
2021-04-13,1.3539,1.5265,1.8389,0.013345
2021-04-14,1.3524,1.5268,1.8417,0.013369
2021-04-15,1.3502,,1.8383,0.013324
2021-04-16,1.3446,1.5325,1.8211,0.013292
2021-04-19,1.3475,1.5263,1.8083,0.013405
2021-04-20,1.3431,1.5311,1.82,0.013377
2021-04-21,1.3426,1.5234,1.8246,0.013404
2021-04-22,1.3459,1.5145,1.8188,0.013452
2021-04-23,1.3447,1.5069,1.8311,0.013453
2021-04-26,1.3446,1.5069,1.834,0.013488
2021-04-27,1.3451,1.5081,1.837,0.013533
2021-04-28,1.3504,1.5148,1.8421,0.013511
2021-04-29,1.3616,1.5062,1.8435,0.013492
2021-04-30,1.3638,1.4955,1.8581,0.013469
2021-05-03,1.3552,1.495,,0.013517
2021-05-04,1.3567,1.4912,1.858,0.013525
2021-05-05,1.3538,1.4849,1.8499,0.013504
2021-05-06,1.3559,1.4872,1.8464,0.013431
2021-05-07,1.3551,1.4929,1.8466,0.013446
2021-05-10,1.3534,1.5038,1.8398,0.013391
2021-05-11,1.3525,1.4944,1.853,0.013395
2021-05-12,1.356,1.5049,1.851,0.013343
2021-05-13,1.3584,1.5057,1.837,0.013303
2021-05-14,1.3592,1.5021,1.8272,0.013236
2021-05-17,1.3577,1.5016,1.8308,0.013202
2021-05-18,1.3573,1.5074,1.8268,0.013209
2021-05-19,1.3534,1.5088,1.8323,0.01322
2021-05-20,1.3598,1.5189,1.8385,0.013157
2021-05-21,1.3623,1.5207,1.8367,0.013147
2021-05-24,1.3619,1.5179,1.8337,0.01313
2021-05-25,1.3652,1.5192,1.8306,0.013131
2021-05-26,1.374,1.5287,1.8349,0.013111
2021-05-27,1.3822,1.5333,1.8275,0.013162
2021-05-28,1.3809,1.5272,1.8356,0.01318
2021-05-31,1.3799,1.5432,1.8492,0.013224
2021-06-01,1.3805,1.532,1.8351,0.013195
2021-06-02,1.3831,1.5246,1.837,0.013239
2021-06-03,1.3853,1.518,1.8499,0.01324
2021-06-04,1.3884,1.5156,1.8443,0.013185
2021-06-07,1.3825,1.5173,1.8235,0.013227
2021-06-08,1.384,1.5133,1.8262,0.013176
2021-06-09,1.3903,1.5157,1.8411,0.013256
2021-06-10,1.3898,1.5107,1.8414,0.013293
2021-06-11,,1.5126,1.8492,0.013306
2021-06-14,1.3867,1.5176,1.8579,0.0133
2021-06-15,1.3873,1.5222,1.8518,0.013248
2021-06-16,1.3938,1.5283,1.8343,0.013162
2021-06-17,1.3904,1.53,,0.013227
2021-06-18,1.3801,1.5288,1.8242,0.013301
2021-06-21,1.3832,1.5407,,0.013281
2021-06-22,,1.5425,1.8236,0.013268
2021-06-23,1.3883,1.5456,1.8221,0.013235
2021-06-24,1.3887,1.5448,1.8333,0.013208
2021-06-25,1.3891,1.5521,,0.013245
2021-06-28,1.3847,,1.8343,0.013258
2021-06-29,1.3848,1.5537,1.8213,0.013269
2021-06-30,,1.5515,1.8165,0.013342
2021-07-01,1.3913,1.5561,1.8143,0.013406
2021-07-02,1.3921,1.5626,1.7982,0.013446
2021-07-05,1.3795,1.5643,1.7955,0.013396
2021-07-06,1.3778,1.5636,1.7973,0.013368
2021-07-07,1.381,1.5627,1.7996,0.013329
2021-07-08,1.3869,1.5645,1.7937,0.013312
2021-07-09,1.3864,1.5688,1.8052,0.013389
2021-07-12,1.387,1.5658,1.8026,0.013364
2021-07-13,1.3878,1.5692,1.8034,0.013347
2021-07-14,1.392,1.5657,1.7991,0.013329
2021-07-15,1.3931,1.5645,1.8123,0.01328
2021-07-16,1.3945,1.58,1.8224,0.013308
2021-07-19,1.3904,1.5707,1.825,0.013321
2021-07-20,1.3895,1.5682,1.8199,0.013321
2021-07-21,1.3903,1.57,1.8094,0.013403
2021-07-22,1.3969,1.5724,1.8231,0.013345
2021-07-23,1.3988,1.5786,1.8346,0.013364
2021-07-26,1.4035,1.5839,1.8269,0.013387
2021-07-27,1.403,1.5767,1.8225,0.013373
2021-07-28,1.4077,1.5768,1.8198,0.013369
2021-07-29,1.4125,1.5798,1.8137,0.013323
2021-07-30,1.4124,1.5792,1.8187,0.013343
2021-08-02,1.4134,1.5796,,0.013397
2021-08-03,1.4066,1.5943,1.8077,0.013387
2021-08-04,1.4033,1.5969,1.8088,0.01349
2021-08-05,1.4051,1.5819,1.8129,0.013452
2021-08-06,1.4075,1.5773,1.8277,0.013519
2021-08-09,1.408,1.5751,1.8206,0.013481
2021-08-10,1.4104,1.575,1.8225,0.013459
2021-08-11,1.4091,1.5779,1.8286,0.013405
2021-08-12,1.4151,1.5721,1.8295,0.013379
2021-08-13,1.4054,1.5652,1.8504,0.013348
2021-08-16,1.4102,1.5541,1.8472,0.013413
2021-08-17,1.4079,1.5505,1.8374,0.013467
2021-08-18,1.4089,1.5485,1.8415,0.013435
2021-08-19,1.4187,1.5428,1.8453,0.013498
2021-08-20,1.4284,1.5539,1.8296,0.013551
2021-08-23,1.4266,1.5454,1.8273,0.013538
2021-08-24,1.4266,1.5359,1.8253,0.013543
2021-08-25,1.4286,1.5418,1.8195,0.013648
2021-08-26,1.4317,1.5459,1.8297,0.01362
2021-08-27,1.4254,1.5483,1.8247,0.013607
2021-08-30,1.4292,1.5434,1.8163,0.013601
2021-08-31,1.4307,1.5425,1.8054,0.013649
2021-09-01,1.4296,1.5438,1.8064,0.013638
2021-09-02,1.4333,1.544,1.8069,0.013682
2021-09-03,1.4378,1.5546,1.8097,0.013657
2021-09-06,1.435,1.5503,1.8017,0.013578
2021-09-07,1.4446,1.5368,1.8154,0.013577
2021-09-08,1.4529,1.5431,1.8014,
2021-09-09,1.4525,1.5434,1.8053,0.013646
2021-09-10,,1.5346,1.8066,0.013621
2021-09-13,1.4463,1.5357,1.8032,0.01363
2021-09-14,1.448,1.5404,1.7983,0.013669
2021-09-15,,1.5434,1.7966,0.013735
2021-09-16,1.4529,1.5412,,0.01375
2021-09-17,1.4512,1.5421,1.8068,
2021-09-20,1.4581,1.539,1.7947,0.013762
2021-09-21,1.4533,1.539,,0.013747
2021-09-22,1.4609,1.551,1.7989,0.013734
2021-09-23,1.4602,1.5419,1.8092,0.013793
2021-09-24,1.4648,1.5486,1.8151,0.013784
2021-09-27,1.4628,1.5459,1.8169,0.013811
2021-09-28,1.4702,1.5614,1.8312,0.013832
2021-09-29,1.4711,1.5593,1.8445,0.013874
2021-09-30,1.4703,1.5457,1.8338,0.013903
2021-10-01,1.4675,1.5469,1.8187,0.013857
2021-10-04,1.4606,1.5426,1.8093,0.01386
2021-10-05,1.4576,1.5305,1.8185,0.013825
2021-10-06,1.4543,1.5282,1.817,
2021-10-07,1.447,1.5284,1.8051,0.01382
2021-10-08,,1.5281,1.8008,0.01376
2021-10-11,1.4522,1.5268,1.7972,0.013732
2021-10-12,1.4555,1.5199,1.7984,
2021-10-13,1.4561,1.5167,1.8068,0.013832
2021-10-14,1.4498,1.5055,1.8124,0.013829
2021-10-15,1.4493,1.5102,1.8079,0.013852
2021-10-18,1.4528,1.507,1.8241,0.013855
2021-10-19,1.4484,1.5108,1.8186,0.013844
2021-10-20,1.451,1.5158,1.8057,0.013834
2021-10-21,1.4543,1.5333,1.8068,0.013811
2021-10-22,1.4489,1.5201,1.8144,0.013756
2021-10-25,1.4532,1.5159,1.8119,0.013767
2021-10-26,1.4522,1.5235,1.8128,0.013691
2021-10-27,1.4545,1.5352,,0.013652
2021-10-28,1.4589,1.5264,1.8228,0.013695
2021-10-29,1.4564,1.5284,,0.013702
2021-11-01,1.4617,1.5363,1.8158,0.013683
2021-11-02,1.4626,1.544,1.8074,0.013637
2021-11-03,1.474,1.5556,1.8109,0.013571
2021-11-04,1.4774,1.5537,1.814,0.013614
2021-11-05,1.4769,,1.8085,0.013584
2021-11-08,1.4751,1.5578,1.818,0.013573
2021-11-09,1.4794,1.5629,1.8149,0.013629
2021-11-10,1.4793,1.5682,1.8269,0.013729
2021-11-11,1.4775,1.5751,1.826,0.013697
2021-11-12,1.4783,1.5795,1.8189,0.013662
2021-11-15,1.4815,1.5774,1.8287,0.013616
2021-11-16,1.4822,1.5896,1.8379,0.013652
2021-11-17,,1.5869,1.8439,0.013634
2021-11-18,1.4822,1.5951,1.8414,0.013548
2021-11-19,1.482,1.5973,1.8423,0.013544
2021-11-22,1.4897,1.595,1.8481,0.013485
2021-11-23,1.4839,1.6012,1.8446,0.013484
2021-11-24,1.482,1.597,1.8405,0.013435
2021-11-25,1.4786,1.6016,1.8471,0.013455
2021-11-26,1.4737,1.601,1.8535,0.01345
2021-11-29,1.4635,1.6043,1.8636,0.013401
2021-11-30,1.4637,1.603,1.8546,0.013379
2021-12-01,1.4584,1.599,1.865,0.013332
2021-12-02,1.446,1.6032,1.8733,0.013381
2021-12-03,1.4559,1.6052,1.8778,0.013378
2021-12-06,1.4598,1.5956,1.8676,0.013361
2021-12-07,1.4635,1.6042,1.869,0.013362
2021-12-08,1.4604,1.5966,1.8668,0.013371
2021-12-09,1.4596,1.5934,1.8715,0.013311
2021-12-10,1.4627,1.5838,1.8671,0.013279
2021-12-13,1.4646,1.5812,1.8657,0.013257
2021-12-14,1.4706,1.5867,1.8723,0.013235
2021-12-15,1.4752,1.5837,1.8677,0.013215
2021-12-16,1.469,1.5775,1.8666,0.013257
2021-12-17,1.4708,1.5812,1.8691,0.013273
2021-12-20,1.4725,1.5878,1.8614,0.013369
2021-12-21,1.4729,1.5882,1.8568,0.01339
2021-12-22,1.4733,1.5911,1.8652,0.013402
2021-12-23,1.4727,1.5912,1.8626,0.013434
2021-12-24,1.4764,1.5861,1.8504,0.013476
2021-12-27,1.4781,1.5936,1.8538,0.013444
2021-12-28,1.4794,1.5816,1.8496,0.013427
2021-12-29,1.4838,1.5799,1.8381,0.01341
2021-12-30,1.4844,1.5866,1.8397,0.013424
2021-12-31,1.4837,1.5875,1.8414,0.013451
2022-01-03,1.4848,1.5843,1.843,0.013366
2022-01-04,1.4855,1.5901,1.8457,0.013335
2022-01-05,1.4819,1.5921,1.8502,0.013455
2022-01-06,1.4819,1.5882,1.8658,0.013409
2022-01-07,1.4867,1.5969,1.87,0.013378
2022-01-10,1.4869,1.594,1.879,0.013422
2022-01-11,,1.5915,1.8717,0.013477
2022-01-12,1.4932,1.5921,1.8839,0.013536
2022-01-13,1.4903,1.5807,1.8983,0.01357
2022-01-14,1.4922,1.5847,1.8993,0.013566
2022-01-17,1.4971,1.5824,1.9084,0.013636
2022-01-18,1.4991,1.5842,1.9138,0.01362
2022-01-19,1.5036,,1.9213,0.013656
2022-01-20,1.5082,1.5799,1.9173,0.013644
2022-01-21,1.5075,1.5788,1.9193,0.0137
2022-01-24,1.5066,1.5877,1.9287,0.013671
2022-01-25,1.5113,1.5842,1.9314,0.013674
2022-01-26,1.5079,1.5899,1.9361,0.013631
2022-01-27,,1.5871,1.9439,0.013581
2022-01-28,1.5018,1.5996,1.9364,0.013618
2022-01-31,1.498,1.6115,1.9358,0.013617
2022-02-01,1.4995,1.6262,1.9555,0.013648
2022-02-02,1.4991,1.6103,1.9388,0.013625
2022-02-03,1.5029,1.6158,1.9324,0.013636
2022-02-04,1.4969,1.6184,1.9431,0.013643
2022-02-07,1.4942,1.6221,1.9406,0.013559
2022-02-08,1.4878,1.6159,1.9514,0.013568
2022-02-09,,1.618,1.9572,0.013491
2022-02-10,1.4906,1.6233,1.9614,0.013507
2022-02-11,1.4931,1.6279,1.9616,0.013473
2022-02-14,1.4999,1.6277,1.9677,0.013408
2022-02-15,1.5036,1.6182,1.9783,0.013311
2022-02-16,1.5051,1.6172,1.981,0.01332
2022-02-17,1.5146,1.6326,1.985,0.013317
2022-02-18,1.5161,1.6381,1.9796,0.013363
2022-02-21,1.5153,1.6412,1.9842,0.013311
2022-02-22,1.5099,1.6441,1.9822,
2022-02-23,1.5099,1.6526,1.9795,0.013314
2022-02-24,1.5118,1.654,1.9828,0.013323
2022-02-25,1.5056,1.6497,1.9726,0.013388
2022-02-28,1.5069,1.6539,1.9631,0.013338
2022-03-01,1.5046,1.6661,1.9645,0.013361
2022-03-02,1.5031,1.662,1.9711,
2022-03-03,1.4958,1.6693,1.9671,0.013381
2022-03-04,1.4963,1.6595,1.9682,0.013437
2022-03-07,1.5038,1.6622,1.9667,0.013398
2022-03-08,1.4978,1.6668,1.9741,0.013422
2022-03-09,1.4991,1.6697,1.9779,0.013369
2022-03-10,1.5022,1.672,1.9758,0.013408
2022-03-11,1.498,1.6753,1.9738,0.013374
2022-03-14,1.4997,1.6801,1.9689,0.013432
2022-03-15,1.5089,1.6729,1.9727,0.013413
2022-03-16,1.4969,1.6625,1.9607,0.013368
2022-03-17,1.5038,1.6682,1.9618,0.01335
2022-03-18,1.5027,1.6716,1.9641,0.013428
2022-03-21,1.5024,1.674,1.9619,0.013404
2022-03-22,,1.6685,1.9588,0.013352
2022-03-23,1.5053,1.6704,1.967,0.01338
2022-03-24,1.506,1.6516,1.9685,0.013326
2022-03-25,1.499,1.6461,1.9725,0.013306
2022-03-28,1.4976,1.6389,1.9748,0.013383
2022-03-29,1.497,1.6331,1.9765,0.013393
2022-03-30,1.4965,1.6298,1.965,0.013442
2022-03-31,1.497,1.6351,,0.013434
2022-04-01,1.5015,1.6277,1.9575,0.01344
2022-04-04,1.4973,1.6324,1.9662,0.013381
2022-04-05,1.4957,1.6326,1.963,0.013394
2022-04-06,1.4978,1.6365,1.9518,0.013409
2022-04-07,1.5036,1.6352,1.9474,0.013341
2022-04-08,1.5017,1.6355,1.9647,0.013336
2022-04-11,1.505,1.6389,1.977,0.013285
2022-04-12,1.5004,1.6478,1.9856,0.013264
2022-04-13,1.4986,1.6639,1.9863,0.013323
2022-04-14,1.5038,1.6716,1.9803,0.01326
2022-04-15,1.5043,1.6734,1.9745,0.013279
2022-04-18,1.5029,1.6692,1.9986,0.013268
2022-04-19,1.5044,1.6754,1.9979,0.013268
2022-04-20,1.5053,1.6731,1.9888,0.013254
2022-04-21,1.5111,1.6653,1.9839,0.013246
2022-04-22,1.5093,1.6661,1.9828,0.013316
2022-04-25,1.5072,,1.9999,0.013326
2022-04-26,1.5053,1.664,2.0097,0.013271
2022-04-27,1.5016,1.6655,2.0025,0.0133
2022-04-28,1.4969,1.6611,2.0077,
2022-04-29,1.5029,1.6681,2.0113,0.013326
2022-05-02,1.5015,,2.0153,0.013362
2022-05-03,1.5004,1.6665,2.0138,0.013448
2022-05-04,1.5023,1.6637,2.0254,0.013443
2022-05-05,1.4989,1.6692,2.0308,0.013463
2022-05-06,1.4971,1.6728,,0.013465
2022-05-09,1.4937,1.6754,2.0373,0.013451
2022-05-10,1.4916,1.6762,2.0421,0.013469
2022-05-11,1.4999,1.6771,2.0563,0.013468
2022-05-12,1.4959,1.6737,2.0526,0.013449
2022-05-13,1.5013,1.673,,0.013464
2022-05-16,1.4974,1.6753,2.0381,0.013527
2022-05-17,1.4944,1.6727,2.0384,0.013513
2022-05-18,1.4926,1.6712,2.053,0.013481
2022-05-19,1.4908,1.6649,2.0538,0.013465
2022-05-20,1.4905,1.6616,2.0621,0.013488
2022-05-23,1.4972,1.6612,2.0716,0.013463
2022-05-24,1.4935,1.6545,2.0774,0.01353
2022-05-25,1.4917,1.656,2.0769,0.013536
2022-05-26,1.4859,1.6539,2.0789,0.013476
2022-05-27,1.4877,1.6583,2.0686,0.01345
2022-05-30,1.4956,1.6482,2.0562,0.013451
2022-05-31,1.4981,1.6472,2.0517,0.013358
2022-06-01,1.4955,1.6475,2.0472,0.013346
2022-06-02,1.5018,1.6453,2.0372,0.013345
2022-06-03,1.4977,1.6378,2.0435,0.013311
2022-06-06,1.4968,1.6332,,0.013299
2022-06-07,1.4919,1.6312,,0.013271
2022-06-08,1.4868,1.6294,2.0661,0.013285
2022-06-09,1.4844,1.6225,2.0747,0.013311
2022-06-10,1.4858,1.6098,,0.013356
2022-06-13,1.4881,1.6118,2.0808,0.013414
2022-06-14,1.4901,,2.0777,0.013405
2022-06-15,1.4952,1.6057,2.0769,0.013386
2022-06-16,1.49,1.5981,2.0768,0.013447
2022-06-17,1.4879,1.6003,2.072,0.013395
2022-06-20,1.4943,1.5963,,0.013405
2022-06-21,1.4942,1.5886,2.0784,0.013434
2022-06-22,1.4991,1.5906,2.0863,0.013496
2022-06-23,1.4899,1.5871,2.0775,0.013556
2022-06-24,1.4917,1.5913,2.0841,0.013596
2022-06-27,1.486,1.5824,2.082,0.013593
2022-06-28,,1.577,2.0916,0.013539
2022-06-29,1.49,1.5779,2.0789,0.013531
2022-06-30,1.4941,1.5829,2.0723,0.013486
2022-07-01,1.4923,1.5767,2.0839,0.013557
2022-07-04,1.491,1.5759,2.078,0.013556
2022-07-05,1.4842,1.5781,2.0844,0.013505
2022-07-06,1.4885,1.5843,2.091,0.013441
2022-07-07,1.4903,1.5844,2.0997,0.013365
2022-07-08,1.4974,1.5867,2.1063,0.013439
2022-07-11,1.4942,1.5929,2.1081,0.01348
2022-07-12,1.5038,1.5941,2.1068,0.013459
2022-07-13,1.4989,,2.1112,0.013437
2022-07-14,1.4944,1.5992,2.1169,0.013427
2022-07-15,1.4973,1.6,2.1065,
2022-07-18,1.5044,1.6032,2.1114,0.013416
2022-07-19,1.5019,1.5993,2.1083,0.013345
2022-07-20,1.5063,1.6063,2.1128,0.013333
2022-07-21,1.5101,1.6015,2.1123,0.013351
2022-07-22,,1.6054,2.1109,0.013324
2022-07-25,1.5083,,2.0957,0.013323
2022-07-26,1.5087,1.5957,2.1088,0.013285
2022-07-27,1.5159,1.5971,2.1084,
2022-07-28,1.5127,,2.1249,0.013242
2022-07-29,1.5097,1.5939,2.1267,
2022-08-01,1.5092,1.5893,2.1349,0.013274
2022-08-02,1.5118,1.5894,2.1367,0.013272
2022-08-03,1.5192,1.5934,2.1303,
2022-08-04,1.5228,1.5979,2.1285,0.013299
2022-08-05,1.5317,1.5997,2.1466,0.013263
2022-08-08,1.5378,1.5858,2.1367,0.013318
2022-08-09,1.5364,1.5903,2.1326,0.013273
2022-08-10,1.5398,1.5976,2.1449,0.013271
2022-08-11,1.5443,1.5977,2.1482,0.013265
2022-08-12,1.5447,1.5956,2.1342,0.013312
2022-08-15,1.539,1.5901,2.1365,0.013206
2022-08-16,1.5486,1.591,2.1365,0.013214
2022-08-17,1.5476,1.5873,2.1539,0.013216
2022-08-18,1.5528,1.598,2.1505,0.013227
2022-08-19,1.542,1.5995,2.1634,0.013269
2022-08-22,1.544,1.6059,2.1516,0.013232
2022-08-23,1.5457,1.6075,2.1479,0.013174
2022-08-24,,1.598,2.1643,0.0132
2022-08-25,1.5509,1.5984,2.1667,0.013176
2022-08-26,1.5574,1.6018,2.1745,0.013216
2022-08-29,1.5523,1.6032,2.1931,0.013157
2022-08-30,1.559,1.5921,2.1914,0.013142
2022-08-31,1.5541,1.5993,2.1685,
2022-09-01,1.5504,1.5892,2.1633,0.013034
2022-09-02,1.544,1.5903,2.1603,0.013055
2022-09-05,1.5452,1.5892,2.1629,0.013081
2022-09-06,1.542,1.5835,2.1561,0.013061
2022-09-07,1.5499,1.582,2.1597,0.01302
2022-09-08,1.5458,1.5755,2.1638,0.01298
2022-09-09,,1.5786,2.1558,
2022-09-12,1.5475,1.5786,2.1518,0.01298
2022-09-13,1.5514,1.58,2.1586,0.012901
2022-09-14,1.5479,1.5798,2.1525,0.012915
2022-09-15,1.5418,1.5715,2.1566,0.012868
2022-09-16,1.5369,1.5681,2.1529,0.012872
2022-09-19,1.5331,1.5644,2.1585,0.012854
2022-09-20,1.5384,1.5576,2.1541,0.01284
2022-09-21,1.5404,1.5465,2.1647,0.012884
2022-09-22,1.5484,1.5576,2.163,0.012865
2022-09-23,1.5444,1.5589,2.1556,0.01288
2022-09-26,1.5429,1.5676,2.159,0.012895
2022-09-27,1.5461,1.5698,2.15,0.01287
2022-09-28,1.5499,1.5646,2.1455,0.012902
2022-09-29,1.5427,1.5545,2.1554,0.012869
2022-09-30,1.5408,1.554,2.1605,0.012901
2022-10-03,1.5378,1.5552,2.1715,0.012872
2022-10-04,1.5376,1.5501,2.1686,0.012908
2022-10-05,1.5405,1.5497,2.1853,0.012895
2022-10-06,1.5399,1.5514,2.1722,0.012819
2022-10-07,1.5383,1.5453,2.1735,0.012887
2022-10-10,1.5409,1.5501,2.1771,0.012858
2022-10-11,1.5421,1.5534,2.1769,0.012789
2022-10-12,1.5367,1.5416,2.1702,0.012766
2022-10-13,1.5332,1.5323,2.1761,0.012817
2022-10-14,1.5293,1.5226,2.184,0.012801
2022-10-17,1.5319,1.5173,2.1885,0.012745
2022-10-18,1.5282,1.5226,2.1905,0.012724
2022-10-19,1.5296,1.5274,2.1825,0.012696
2022-10-20,1.5275,1.528,2.1804,0.012649
2022-10-21,,1.532,2.1835,0.012717
2022-10-24,1.5241,1.5204,2.1886,0.012726
2022-10-25,1.526,1.5226,2.1769,0.012777
2022-10-26,1.5265,1.5288,2.1764,0.012768
2022-10-27,1.528,1.5179,2.1794,0.012769
2022-10-28,1.5293,1.5127,2.1779,0.012835
2022-10-31,1.5301,1.517,2.1839,0.012849
2022-11-01,1.5343,1.513,2.1729,0.012825
2022-11-02,1.535,1.5108,2.1749,0.012815
2022-11-03,1.5343,1.5073,2.169,0.012766
2022-11-04,1.5375,1.5035,2.167,0.012785
2022-11-07,1.5396,1.5094,2.171,0.012729
2022-11-08,1.541,1.5118,2.1711,0.012693
2022-11-09,1.5468,1.5104,2.1735,0.012737
2022-11-10,1.5485,1.5079,2.1858,0.012666
2022-11-11,1.5497,1.4925,2.1885,0.012675
2022-11-14,1.5445,1.4947,2.1925,0.012679
2022-11-15,1.5468,,2.192,0.012689
2022-11-16,1.5471,1.4848,2.1858,0.01266
2022-11-17,1.5498,1.4832,2.19,0.012661
2022-11-18,1.5505,1.4699,2.2068,0.012674
2022-11-21,1.5482,,2.1972,0.012662
2022-11-22,1.5523,1.4706,2.1883,0.01267
2022-11-23,1.5505,1.4781,2.1903,0.012659
2022-11-24,1.5498,1.4893,2.2078,0.012713
2022-11-25,1.5415,1.4994,2.2076,0.012719
2022-11-28,1.5449,1.4914,2.2002,0.012707
2022-11-29,1.5571,1.4964,2.1983,0.012658
2022-11-30,1.5583,1.4907,2.1965,0.012612
2022-12-01,1.5548,1.5002,2.1973,0.01267
2022-12-02,1.5584,1.4983,2.1939,0.012679
2022-12-05,1.5492,1.4947,2.1985,0.012648
2022-12-06,1.5436,1.4982,2.1883,0.012687
2022-12-07,1.5434,1.503,2.2014,0.012692
2022-12-08,1.5481,1.492,2.2024,0.012729
2022-12-09,1.5452,1.4891,2.2114,0.01271
2022-12-12,1.5395,1.4946,2.2222,0.012694
2022-12-13,1.5401,1.4897,2.2274,0.012685
2022-12-14,,1.4898,2.2281,0.012657
2022-12-15,1.5441,1.4814,2.2316,0.012683
2022-12-16,1.5422,1.4874,2.2322,0.012664
2022-12-19,,1.4899,2.2304,0.012685
2022-12-20,1.5325,1.4886,2.2204,0.012697
2022-12-21,1.5261,1.4922,2.2225,0.012731
2022-12-22,1.5248,,2.238,0.012779
2022-12-23,1.5212,1.4908,2.2336,0.012671
2022-12-26,1.5177,1.4934,2.2435,0.012639
2022-12-27,,1.4965,2.2479,0.01267
2022-12-28,1.5116,1.503,2.2637,0.012567
2022-12-29,1.5148,1.5044,2.2702,0.012534
2022-12-30,1.5051,1.5116,2.2646,0.012596
2023-01-02,1.5095,1.516,2.2691,0.012589
2023-01-03,1.5077,1.5146,2.2581,0.012619
2023-01-04,1.5054,1.5195,2.26,0.012583
2023-01-05,1.5093,1.5168,2.249,0.012607
2023-01-06,1.5177,1.5208,2.2546,0.012633
2023-01-09,1.5197,1.5126,2.2503,0.012651
2023-01-10,1.5229,,2.2531,0.012647
2023-01-11,1.5226,1.4935,2.2593,0.012571
2023-01-12,1.5243,1.497,2.263,0.012544
2023-01-13,1.5256,1.5014,2.2569,0.012583
2023-01-16,1.5274,1.5007,2.2559,0.012634
2023-01-17,1.5253,1.4967,2.2572,
2023-01-18,1.5254,1.4952,2.2613,0.01265
2023-01-19,1.5302,1.4922,2.264,0.01263
2023-01-20,1.5272,1.4933,2.2542,0.012578
2023-01-23,1.5292,,2.2532,
2023-01-24,1.5266,1.4896,2.2552,0.012596
2023-01-25,1.528,,2.2475,0.012691
2023-01-26,1.5279,1.4923,2.2609,0.01263
2023-01-27,1.5252,1.4833,2.2712,0.012634
2023-01-30,1.5255,1.4748,2.2734,0.012698
2023-01-31,1.5272,1.4609,2.2886,0.012632
2023-02-01,1.5275,1.456,2.2793,0.012645
2023-02-02,1.5293,1.454,2.2701,0.012725
2023-02-03,1.5317,1.4571,2.289,
2023-02-06,1.5345,1.4517,2.3011,0.012791
2023-02-07,1.5348,1.4572,2.2941,0.012812
2023-02-08,1.5378,1.453,2.3033,0.012785
2023-02-09,1.5297,1.4464,2.3109,0.012733
2023-02-10,1.5317,1.4539,2.312,0.012775
2023-02-13,1.523,1.4553,2.3044,0.01277
2023-02-14,1.5209,1.4497,,0.01269
2023-02-15,1.5244,1.4512,,0.012657
2023-02-16,1.525,,2.3092,0.01267
2023-02-17,1.5279,1.4376,2.3186,0.012674
2023-02-20,1.523,1.4325,2.3039,0.01269
2023-02-21,1.5241,1.4369,2.3173,0.012703
2023-02-22,1.5199,1.429,2.3127,0.012633
2023-02-23,1.5159,1.4259,2.3135,0.012687
2023-02-24,1.5131,1.4304,2.3072,0.012624
2023-02-27,1.5104,1.4217,2.3159,0.012655
2023-02-28,1.5176,1.4279,2.3049,0.012746
2023-03-01,1.5119,1.4183,2.3144,0.012745
2023-03-02,1.5102,1.4145,2.3172,0.012758
2023-03-03,1.5147,1.412,2.3279,0.012786
2023-03-06,1.5137,1.4082,2.3402,0.012747
2023-03-07,1.5121,1.416,2.3363,0.012754
2023-03-08,1.5168,1.4187,2.3364,0.012757
2023-03-09,1.5145,1.4149,,0.012722
2023-03-10,1.5177,1.4203,2.3457,0.012707
2023-03-13,1.5128,1.4224,2.3438,0.012756
2023-03-14,1.5152,1.4268,2.3455,0.012767
2023-03-15,1.5121,,2.3352,0.012771
2023-03-16,1.508,1.4296,2.3171,0.01277
2023-03-17,1.5087,1.417,2.3061,
2023-03-20,1.5176,1.4112,2.2993,0.012738
2023-03-21,1.5098,1.4017,2.2955,0.012856
2023-03-22,1.5128,1.399,2.2966,0.012869
2023-03-23,1.5145,1.4057,2.2908,0.012834
2023-03-24,1.5224,1.4016,,0.012845
2023-03-27,1.5241,1.4058,,0.012894
2023-03-28,1.5228,1.4019,2.2824,0.012897
2023-03-29,1.5252,1.4023,2.2772,0.0129
2023-03-30,1.5162,1.41,2.2777,0.012973
2023-03-31,1.5175,1.4104,2.2504,0.012918
2023-04-03,1.5255,1.4121,2.2408,0.012947
2023-04-04,1.5254,1.4185,2.2408,0.01297
2023-04-05,1.5177,1.4166,2.2445,0.01301
2023-04-06,1.5109,1.4181,2.241,0.012984
2023-04-07,1.5144,1.4185,2.249,0.013052
2023-04-10,1.5243,1.4137,,0.013007
2023-04-11,1.5192,1.4189,2.238,0.013011
2023-04-12,1.5297,1.4153,2.2418,0.012986
2023-04-13,1.5259,1.414,2.2458,0.013001
2023-04-14,1.5237,1.4164,2.2398,0.012976
2023-04-17,1.5315,1.4197,2.2346,0.013052
2023-04-18,1.5299,1.4182,2.2385,0.0131
2023-04-19,1.5295,1.4197,2.2381,0.013109
2023-04-20,1.5275,,2.2352,0.013047
2023-04-21,1.5273,1.4252,2.2246,0.013053
2023-04-24,1.5304,1.4189,2.2297,0.012985
2023-04-25,1.5329,1.4203,2.23,0.013012
2023-04-26,1.5289,1.4193,2.2363,0.013043
2023-04-27,1.5217,1.4288,2.2475,0.013061
2023-04-28,1.5232,1.4178,2.2473,0.013048
2023-05-01,1.5196,1.418,2.2507,0.013
2023-05-02,,1.4114,2.2535,0.013013
2023-05-03,1.5149,1.4161,2.2585,0.01305
2023-05-04,1.519,1.4087,2.2459,0.013044
2023-05-05,1.5123,1.4032,2.2491,0.01303
2023-05-08,1.5076,1.4037,2.2519,0.012998
2023-05-09,1.5075,1.4032,2.2469,0.012988
2023-05-10,1.5022,1.4028,2.2411,0.013015
2023-05-11,1.5052,1.4037,2.2353,0.013001
2023-05-12,1.5126,1.4023,2.2455,0.012981
2023-05-15,1.5087,,2.232,0.012996
2023-05-16,1.5047,1.3888,2.2343,0.012963
2023-05-17,1.5121,1.3866,2.2498,0.012997
2023-05-18,1.5127,1.3885,2.2525,0.01302
2023-05-19,1.5198,,2.2569,0.013027
2023-05-22,1.5293,1.3869,2.2551,0.012955
2023-05-23,1.5334,1.3876,2.2423,0.01305
2023-05-24,1.5274,1.3851,2.2457,0.01307
2023-05-25,1.526,1.3937,2.2368,0.013044
2023-05-26,1.52,1.3886,2.2508,0.013069
2023-05-29,1.5191,1.3903,2.2454,0.013117
2023-05-30,1.5188,1.3978,2.246,0.013128
2023-05-31,1.514,1.4012,2.2607,0.013143
2023-06-01,1.5208,1.4085,2.2506,0.013194
2023-06-02,,1.4207,2.2538,0.013242
2023-06-05,1.5157,1.4273,2.2492,0.013229
2023-06-06,1.5178,1.4345,2.2482,0.013319
2023-06-07,1.5168,1.4389,2.2456,0.01328
2023-06-08,1.5098,1.431,2.2288,0.01326
2023-06-09,1.5153,1.4374,2.2326,0.013235
2023-06-12,1.5122,1.4433,2.2309,0.013256
2023-06-13,1.5181,1.4401,2.2314,0.013259
2023-06-14,1.517,1.4416,2.2407,0.01334
2023-06-15,1.5204,1.4404,2.2302,0.013358
2023-06-16,1.5228,1.4454,2.2287,0.01336
2023-06-19,1.5299,1.4473,2.2321,0.013409
2023-06-20,1.524,1.4506,2.2412,0.013439
2023-06-21,1.5193,1.448,2.2441,0.013435
2023-06-22,1.5164,1.4499,2.2391,0.013437
2023-06-23,1.5126,1.4546,2.2447,0.013478
2023-06-26,1.5111,1.4434,2.2528,0.013457
2023-06-27,1.513,1.4446,2.2504,0.013484
2023-06-28,1.5093,1.4464,2.2603,0.013522
2023-06-29,1.5052,1.4453,2.2569,0.013588
2023-06-30,1.4983,,2.2614,0.013648
2023-07-03,1.5014,1.4524,2.2561,0.013654
2023-07-04,1.4971,1.4451,2.247,0.013685
2023-07-05,1.496,1.441,2.257,0.013664
2023-07-06,1.501,1.4404,2.2374,0.013666
2023-07-07,1.4983,,,0.013613
2023-07-10,1.5011,1.4406,2.2476,0.013652
2023-07-11,1.5012,1.4339,2.2478,0.013641
2023-07-12,1.5033,1.4402,2.2325,0.013598
2023-07-13,1.501,1.4381,2.2293,0.013599
2023-07-14,1.5039,1.4344,2.2359,0.013526
2023-07-17,1.521,1.4334,2.2374,0.013553
2023-07-18,1.5216,1.4285,2.2375,0.013494
2023-07-19,1.5242,1.4372,2.2367,0.013523
2023-07-20,1.5141,1.4381,2.2398,0.013491
2023-07-21,1.5111,1.4374,2.242,0.01353
2023-07-24,1.5137,1.4482,2.2549,0.013545
2023-07-25,,1.4551,2.2531,0.013591
2023-07-26,1.5058,1.4535,2.243,0.013561
2023-07-27,1.5035,1.4519,2.2574,0.013555
2023-07-28,1.5025,,2.2563,0.013493
2023-07-31,1.5006,1.4495,2.2773,0.013507
2023-08-01,1.4948,1.4412,2.2916,0.013434
2023-08-02,1.4915,1.4435,2.3,0.013453
2023-08-03,1.4941,1.448,2.3124,0.013488
2023-08-04,1.4924,1.4506,2.3183,0.013431
2023-08-07,,1.4578,2.3176,0.013454
2023-08-08,1.5013,1.4581,2.3185,0.013507
2023-08-09,1.4963,1.4658,2.3105,0.013479
2023-08-10,,1.4576,2.3149,
2023-08-11,1.4963,1.4574,2.3103,0.01343
2023-08-14,1.4879,1.4584,2.318,0.013481
2023-08-15,,1.467,2.3031,0.01342
2023-08-16,1.4903,1.4614,2.3178,0.013436
2023-08-17,1.4828,1.4629,2.3177,0.013437
2023-08-18,1.4812,1.4673,2.3273,0.013434
2023-08-21,1.485,1.4618,2.3284,0.013434
2023-08-22,1.485,1.4594,2.3255,0.01347
2023-08-23,1.492,1.4644,2.3221,0.013475
2023-08-24,1.4897,1.4699,2.3208,0.01347
2023-08-25,1.4904,1.469,2.3281,0.013521
2023-08-28,1.4885,1.4702,2.3173,0.013562
2023-08-29,,1.4747,2.3356,0.013512
2023-08-30,1.4964,1.4775,2.3357,0.013503
2023-08-31,1.4962,1.4741,2.3305,0.013452
2023-09-01,1.4984,1.4782,2.3312,0.013456
2023-09-04,1.5017,1.4787,2.3492,0.013437
2023-09-05,1.5044,1.4784,2.3373,0.013486
2023-09-06,1.4993,1.4896,2.3343,0.013456
2023-09-07,1.494,1.4947,2.3333,0.013461
2023-09-08,1.4833,1.4977,2.3304,0.013401
2023-09-11,1.486,1.5041,2.3293,0.013399
2023-09-12,1.4847,1.5129,2.3201,0.01339
2023-09-13,1.4864,1.5088,2.316,0.01336
2023-09-14,1.4778,1.503,2.3209,0.013348
2023-09-15,1.4801,1.4978,2.3326,0.013331
2023-09-18,1.48,1.4908,2.3297,0.013363
2023-09-19,1.4806,1.4984,2.3433,0.013342
2023-09-20,,1.5036,2.3438,0.013334
2023-09-21,1.48,1.4993,2.3442,0.01339
2023-09-22,1.4925,1.5035,2.358,0.01336
2023-09-25,1.4898,1.5074,2.3476,0.013308
2023-09-26,1.498,1.505,2.3482,0.013327
2023-09-27,1.5029,1.5067,2.3311,
2023-09-28,1.502,1.4936,2.3343,0.013409
2023-09-29,1.5038,1.493,2.3375,0.013388
2023-10-02,1.4955,1.4905,2.3394,0.013371
2023-10-03,1.503,1.492,2.3396,0.013428
2023-10-04,1.5096,1.4994,2.334,0.013489
2023-10-05,1.5087,1.497,2.3395,0.013455
2023-10-06,1.4978,1.4924,2.3363,0.0135
2023-10-09,1.499,1.4791,2.3447,0.013458
2023-10-10,1.5091,1.4816,2.3498,0.013567
2023-10-11,1.5188,1.4759,2.3607,
2023-10-12,1.5207,1.4728,2.3671,0.013574
2023-10-13,1.5233,1.4676,2.3655,0.013591
2023-10-16,1.5235,1.4629,2.3589,0.0136
2023-10-17,1.5267,1.4688,,0.01354
2023-10-18,1.5182,1.4688,2.3457,0.013554
2023-10-19,1.5101,1.466,2.3461,0.013544
2023-10-20,1.5113,1.4586,2.3462,0.013611
2023-10-23,1.5168,1.4592,2.3369,0.013586
2023-10-24,1.5195,1.4645,,0.01357
2023-10-25,1.5242,1.4579,2.3228,0.013606
2023-10-26,1.5214,1.4541,2.3273,0.01358
2023-10-27,1.5204,1.4534,2.3221,0.013523
2023-10-30,1.5164,1.4544,2.3306,0.013465
2023-10-31,1.5149,1.4519,2.3256,0.01344
2023-11-01,1.5085,1.4545,2.3166,0.013377
2023-11-02,1.5135,1.4525,2.3125,0.013368
2023-11-03,1.511,1.4494,2.3182,0.013435
2023-11-06,1.5134,1.457,2.3051,0.013446
2023-11-07,1.5203,1.45,2.3218,0.013462
2023-11-08,1.5203,1.4544,2.3129,0.013485
2023-11-09,1.5203,1.459,2.3005,0.013491
2023-11-10,1.5173,1.4584,2.2983,0.013422
2023-11-13,1.5146,1.4523,2.3001,0.013389
2023-11-14,1.5194,1.4512,2.31,0.013341
2023-11-15,1.5151,1.4472,2.3155,0.013347
2023-11-16,1.5147,1.4511,2.3146,0.013318
2023-11-17,1.5048,1.4469,2.3293,0.013356
2023-11-20,1.5022,1.4502,2.3341,0.013281
2023-11-21,1.4977,1.4502,2.3467,0.013298
2023-11-22,1.5089,1.4544,2.3587,0.013285
2023-11-23,1.5148,1.4601,2.3712,0.013352
2023-11-24,1.5148,1.4661,2.3571,0.013385
2023-11-27,1.5151,1.4676,2.3612,
2023-11-28,1.5102,1.4677,2.3633,0.013454
2023-11-29,1.5093,1.4776,2.3526,0.013433
2023-11-30,1.5076,1.4745,2.3649,0.01338
2023-12-01,1.5077,1.4732,2.3602,0.013441
2023-12-04,1.5098,1.4681,2.3832,0.013445
2023-12-05,1.5107,1.4703,2.3817,0.013496
2023-12-06,1.5163,1.479,2.3789,0.013503
2023-12-07,1.5194,1.4789,2.3721,
2023-12-08,1.526,1.4743,2.3824,0.013502
2023-12-11,1.5324,1.4665,2.3856,0.013618
2023-12-12,1.5407,1.4659,2.3831,0.013685
2023-12-13,1.5442,1.4719,2.385,0.013759
2023-12-14,1.5468,1.4858,2.4001,0.013769
2023-12-15,1.5417,1.4836,2.381,0.013807
2023-12-18,1.5415,1.4868,2.3838,0.013755
2023-12-19,1.54,1.4878,2.3884,0.013749
2023-12-20,1.5421,1.4861,2.3871,0.013801
2023-12-21,1.5485,1.4893,2.3917,0.013839
2023-12-22,1.548,1.4883,2.3968,0.013843
2023-12-25,1.5506,1.4922,2.4167,
2023-12-26,1.551,1.4897,2.41,0.013788
2023-12-27,1.5527,1.4857,2.4008,0.013773
2023-12-28,1.5538,1.4881,2.4064,0.013788
2023-12-29,1.5506,1.4873,2.414,0.013772
2024-01-01,1.5551,1.4845,2.405,0.013823
2024-01-02,1.5458,1.479,2.4069,0.013849
2024-01-03,1.5449,1.4798,,0.013768
2024-01-04,1.5551,1.488,2.3945,0.013787
2024-01-05,1.5492,1.4959,2.4106,0.013794
2024-01-08,1.5412,1.5008,2.4063,0.01379
2024-01-09,1.5434,1.501,2.4132,0.013705
2024-01-10,1.5427,1.4959,2.408,0.013732
2024-01-11,1.5431,1.4917,2.4169,0.013735
2024-01-12,1.545,1.4936,2.4228,0.013792
2024-01-15,1.5375,1.4924,2.4235,0.013718
2024-01-16,1.5351,1.4922,2.4188,0.013724
2024-01-17,1.5358,1.4736,2.4166,0.013792
2024-01-18,1.5289,1.4698,2.4123,0.013789
2024-01-19,1.532,1.471,2.4119,0.013819
2024-01-22,1.5329,1.4647,2.4078,0.013823
2024-01-23,1.5395,1.4656,2.4168,0.01382
2024-01-24,1.5418,1.4613,2.4081,0.013795
2024-01-25,1.5476,1.4533,2.4041,0.013782
2024-01-26,1.5579,1.448,2.3818,0.013779
2024-01-29,1.5641,1.4485,2.3997,0.013769
2024-01-30,1.5606,1.4591,2.426,0.013787
2024-01-31,1.5582,1.4554,2.4148,0.01377
2024-02-01,1.5597,1.4628,2.4331,0.013783
2024-02-02,1.5588,1.4693,2.4199,0.013762
2024-02-05,1.5545,1.4833,2.4179,0.013821
2024-02-06,1.5612,,2.4323,0.013853
2024-02-07,1.5646,1.4878,2.4317,0.013838
2024-02-08,1.5647,1.4964,2.4323,0.013807
2024-02-09,,1.4975,2.4289,0.013766
2024-02-12,1.5718,1.4945,2.4398,0.01371
2024-02-13,1.5721,1.4812,2.4395,0.013676
2024-02-14,1.5612,1.4894,2.4392,0.013663
2024-02-15,1.5602,1.4824,2.4285,0.0137
2024-02-16,1.5604,1.4821,2.4435,0.013671
2024-02-19,1.5558,1.4692,2.4487,0.013696
2024-02-20,1.5556,1.4582,2.4318,0.013674
2024-02-21,1.5553,1.4671,2.443,0.01371
2024-02-22,1.554,1.4714,,0.013756
2024-02-23,1.5503,1.4751,2.4323,0.013759
2024-02-26,1.5503,1.4774,2.4369,0.013802
2024-02-27,1.5523,1.4863,2.4339,0.013803
2024-02-28,1.552,1.4899,2.4456,0.013816
2024-02-29,1.5508,1.4957,2.4547,0.013753
2024-03-01,1.5555,1.4977,2.4388,0.013747
2024-03-04,1.5586,1.494,2.4299,0.013654
2024-03-05,1.554,1.4828,2.4229,0.013641
2024-03-06,1.5585,1.4918,2.4128,0.013604
2024-03-07,1.5541,1.495,2.4122,0.013652
2024-03-08,1.5559,1.4901,2.4078,0.013688
2024-03-11,1.5596,1.4889,2.4123,0.013634
2024-03-12,1.5623,1.4851,2.4063,0.013673
2024-03-13,1.5607,1.4821,2.4044,0.013586
2024-03-14,1.5529,1.4772,2.4116,0.013584
2024-03-15,1.5567,1.471,2.4182,0.013616
2024-03-18,1.5542,1.4735,2.4079,0.013605
2024-03-19,,1.4678,2.4007,0.013533
2024-03-20,1.5636,1.4663,2.4129,0.01358
2024-03-21,1.5635,,2.4052,0.013611
2024-03-22,1.571,1.4666,2.4072,0.013622
2024-03-25,1.5797,1.4647,,0.013633
2024-03-26,1.5855,1.4612,2.4109,0.013648
2024-03-27,1.5897,1.4676,2.4196,0.013679
2024-03-28,1.5905,1.4625,2.4162,0.013645
2024-03-29,1.594,1.4628,2.4037,0.013668
2024-04-01,1.5896,1.4617,2.4093,0.013711
2024-04-02,1.5888,1.4591,2.3987,0.013682
2024-04-03,1.594,1.458,2.4036,0.013657
2024-04-04,1.5876,1.4576,,0.01364
2024-04-05,1.5857,1.4593,2.4059,0.013676
2024-04-08,1.5809,1.4608,2.3962,0.013685
2024-04-09,1.5839,1.4611,,0.013671
2024-04-10,1.5782,1.4652,2.37,0.013746
2024-04-11,1.5834,1.4729,2.3766,
2024-04-12,1.5915,1.465,2.3934,0.013785
2024-04-15,1.5899,1.4688,2.4124,0.013709
2024-04-16,1.5894,1.4712,2.4226,0.013684
2024-04-17,1.5917,1.4731,2.4173,0.013601
2024-04-18,1.5949,1.4779,2.4154,0.013658
2024-04-19,1.6007,1.4691,2.402,0.013678
2024-04-22,1.6031,1.4643,2.3995,0.013679
2024-04-23,1.6061,1.4733,2.3964,0.013691
2024-04-24,1.5997,1.4644,2.3942,0.013719
2024-04-25,1.6074,1.4628,2.4013,0.013686
2024-04-26,1.5967,1.4622,2.3887,0.013651
2024-04-29,1.6005,1.4584,2.3856,0.013741
2024-04-30,1.598,1.4625,2.3837,0.013649
2024-05-01,1.5986,1.4737,2.3662,0.013698
2024-05-02,1.6006,1.4774,2.3479,0.013724
2024-05-03,1.5948,1.4861,2.3383,0.013779
2024-05-06,1.6011,1.4895,2.3296,0.013762
2024-05-07,1.5945,1.4869,2.3324,0.0137
2024-05-08,1.5974,1.4877,2.3445,0.013742
2024-05-09,1.5993,1.4938,2.3494,0.013862
2024-05-10,1.5971,1.4926,2.3524,0.013842
2024-05-13,1.5923,,2.3585,0.01383
2024-05-14,1.5939,1.493,2.3605,0.013809
2024-05-15,1.5943,1.4889,2.3598,0.013831
2024-05-16,1.5972,1.4895,2.3519,0.013891
2024-05-17,1.5941,1.4812,2.3517,0.013879
2024-05-20,1.6017,1.4834,,0.013833
2024-05-21,1.5951,1.4757,2.3464,0.013756
2024-05-22,1.5959,1.4683,2.3334,0.0138
2024-05-23,1.5911,1.4681,2.3207,0.013826
2024-05-24,1.5908,1.471,2.3128,0.013816
2024-05-27,1.5895,1.47,2.2931,0.013844
2024-05-28,1.5946,1.478,2.2826,0.013893
2024-05-29,1.5851,1.4684,2.2938,0.013895
2024-05-30,1.5881,1.4751,2.2959,0.013861
2024-05-31,1.5838,1.4803,2.2908,0.013886
2024-06-03,1.5852,1.4917,2.2959,0.013886
2024-06-04,1.5867,1.4956,2.3042,
2024-06-05,1.5807,1.489,2.32,0.013922
2024-06-06,1.5804,1.4957,2.3176,0.013886
2024-06-07,1.5788,1.489,2.3089,0.013824
2024-06-10,1.5891,1.4986,2.3174,0.013853
2024-06-11,1.5848,1.495,2.3091,0.013849
2024-06-12,1.5835,1.5109,2.298,0.013811
2024-06-13,1.5798,1.5081,2.2996,0.013802
2024-06-14,1.5785,1.5091,2.291,0.01381
2024-06-17,1.5748,1.5058,2.2869,0.013771
2024-06-18,1.5785,1.4969,2.3124,0.013818
2024-06-19,1.5753,1.505,2.3076,0.013904
2024-06-20,1.5751,1.5076,2.3129,0.013883
2024-06-21,1.5768,1.507,2.3062,0.013907
2024-06-24,1.575,1.5009,2.2954,0.013877
2024-06-25,1.5682,1.5113,2.3026,
2024-06-26,1.5646,1.5124,2.31,0.013868
2024-06-27,1.564,1.5004,2.3027,0.013881
2024-06-28,1.5654,1.5046,2.2947,0.013929
2024-07-01,1.5678,1.4929,2.2975,0.013997
2024-07-02,1.5662,1.4966,2.3071,0.013949
2024-07-03,1.5746,1.4994,2.311,0.01396
2024-07-04,1.572,1.5102,2.311,0.013931
2024-07-05,1.5735,1.5072,2.3284,0.013945
2024-07-08,1.574,1.5088,2.323,0.01396
2024-07-09,1.5757,1.5014,2.3229,0.013954
2024-07-10,1.5776,1.4946,2.3261,
2024-07-11,1.5836,1.5052,2.3245,0.014099
2024-07-12,1.5804,1.5064,2.3227,0.01404
2024-07-15,1.5796,1.5079,2.3205,0.014024
2024-07-16,1.5816,1.5007,2.3319,0.013941
2024-07-17,1.5745,1.4971,2.3269,0.013906
2024-07-18,1.5793,1.5007,2.3362,0.013966
2024-07-19,1.588,1.5017,2.3419,0.014001
2024-07-22,1.5929,1.5036,2.3464,0.013948
2024-07-23,1.5941,1.5013,2.348,0.013947
2024-07-24,1.6031,1.497,2.3475,0.013949
2024-07-25,1.6028,1.4955,2.3573,0.013967
2024-07-26,1.5983,1.4923,2.3674,0.013996
2024-07-29,1.6049,1.4887,2.3558,0.014054
2024-07-30,1.6046,1.4901,2.3448,0.014018
2024-07-31,1.6037,1.4927,2.356,0.014009
2024-08-01,1.604,1.493,2.3664,0.014004
2024-08-02,1.6032,1.4837,2.357,0.014005
2024-08-05,1.5959,1.493,2.3424,0.013985
2024-08-06,1.5901,1.4873,2.333,0.014003
2024-08-07,1.5937,1.4835,2.3318,0.013958
2024-08-08,1.5885,1.485,2.329,0.014052
2024-08-09,1.5861,1.4839,2.3158,0.014031
2024-08-12,1.5888,1.4824,2.3076,0.014002
2024-08-13,1.5863,1.4779,2.3191,0.013968
2024-08-14,1.5917,1.4787,2.3345,0.013997
2024-08-15,1.5914,1.4835,2.3426,0.013954
2024-08-16,1.5939,1.4836,2.3573,0.013941
2024-08-19,1.597,1.4892,2.3459,0.013992
2024-08-20,1.6007,1.4913,2.3449,0.013959
2024-08-21,,1.4861,2.3471,0.014021
2024-08-22,1.5885,1.4797,2.3572,0.013949
2024-08-23,1.5861,1.485,2.3527,0.013979
2024-08-26,1.5916,1.4905,2.3601,0.013909
2024-08-27,1.5859,1.4871,2.3483,0.013871
2024-08-28,1.5881,1.4893,2.3534,0.013866
2024-08-29,1.586,1.4782,2.3574,0.013915
2024-08-30,1.5808,1.4871,2.3463,0.01393
2024-09-02,1.5797,1.4907,2.3258,0.013948
2024-09-03,1.5903,1.4951,2.315,0.013958
2024-09-04,1.5876,1.4978,2.3143,0.013943
2024-09-05,1.5841,1.4933,2.3278,0.013985
2024-09-06,1.5818,1.4904,2.3268,0.013968
2024-09-09,1.5818,1.4826,2.326,0.014005
2024-09-10,1.5761,1.4777,2.3474,0.013993
2024-09-11,1.5806,1.4743,2.3385,0.013948
2024-09-12,1.5768,1.4738,2.3404,0.013983
2024-09-13,1.5809,1.4689,,0.013921
2024-09-16,1.58,1.4675,2.3249,0.013855
2024-09-17,1.5925,1.4752,2.3206,0.013875
2024-09-18,1.5924,1.4699,2.3319,0.013844
2024-09-19,1.597,1.4623,2.3346,0.013809
2024-09-20,1.6048,1.4635,2.3277,0.013825
2024-09-23,1.5962,1.4694,2.3387,0.013856
2024-09-24,1.6011,1.46,2.3414,0.013845
2024-09-25,1.6081,1.4642,,0.013899
2024-09-26,1.6112,1.4751,2.3455,0.013861
2024-09-27,1.6055,1.4912,2.3504,0.013917
2024-09-30,1.5959,1.4937,2.362,0.013905
2024-10-01,1.5987,1.5016,2.3505,0.013807
2024-10-02,1.6006,1.5027,2.338,0.013844
2024-10-03,1.5989,1.5019,2.3383,0.013805
2024-10-04,,1.4858,2.3408,0.013848
2024-10-07,1.5935,1.4954,2.3445,0.013829
2024-10-08,1.5959,1.4935,2.3555,0.01382
2024-10-09,1.5968,1.4939,2.3379,0.01381
2024-10-10,1.6078,1.5003,2.3504,0.013773
2024-10-11,1.6148,1.5088,2.3519,0.013741
2024-10-14,1.6186,1.5075,2.3505,0.01377
2024-10-15,1.6199,1.5115,2.3367,
2024-10-16,1.6186,1.5232,2.3552,0.01371
2024-10-17,1.6193,1.5314,2.3614,0.013717
2024-10-18,1.6165,,2.3554,0.013755
2024-10-21,1.6135,1.52,2.3707,0.013712
2024-10-22,1.6138,1.5214,2.3691,0.013706
2024-10-23,1.6164,1.5226,2.3783,0.013672
2024-10-24,1.6162,1.5313,2.3916,0.013742
2024-10-25,1.6183,1.5427,2.3926,0.013783
2024-10-28,1.6079,1.5418,2.393,0.013827
2024-10-29,1.6114,1.5456,2.4,0.013886
2024-10-30,1.6197,1.5402,2.3969,0.013901
2024-10-31,1.6105,1.5347,2.4046,0.013845
2024-11-01,1.6067,1.5289,2.3816,0.013774
2024-11-04,1.6131,1.5323,2.379,0.013743
2024-11-05,1.6071,,2.3855,0.013772
2024-11-06,1.6157,1.5268,2.388,0.013783
2024-11-07,1.6106,1.5276,2.3853,0.013733
2024-11-08,1.6064,1.5344,2.3898,0.013686
2024-11-11,1.6045,1.5348,2.4044,0.01368
2024-11-12,1.6072,1.5402,2.3998,0.013709
2024-11-13,1.6107,1.5326,2.398,0.013672
2024-11-14,1.6051,1.5471,2.3869,0.013675
2024-11-15,1.6082,1.5461,2.3821,0.013624
2024-11-18,1.603,1.5509,2.3833,0.013657
2024-11-19,1.6025,1.5585,2.3912,0.013684
2024-11-20,1.606,1.5591,2.3839,0.013683
2024-11-21,1.6048,1.5632,2.373,0.01364
2024-11-22,1.602,1.5654,2.3788,0.013643
2024-11-25,1.5981,1.5635,2.3745,0.013658
2024-11-26,1.6008,1.5694,2.3682,0.013549
2024-11-27,1.6082,1.5741,2.3513,0.013552
2024-11-28,1.6156,1.576,2.3593,0.013549
2024-11-29,1.6143,1.5714,2.3544,0.013589
2024-12-02,1.6066,1.5773,2.3523,
2024-12-03,1.6067,1.5734,2.3727,0.013598
2024-12-04,1.6016,1.5692,2.3849,0.013621
2024-12-05,1.6085,1.5741,2.3817,0.013622
2024-12-06,1.6013,1.5885,2.3809,0.01363
2024-12-09,1.5994,1.5804,2.3938,0.013661
2024-12-10,1.6053,1.5898,2.3873,0.013676
2024-12-11,1.6054,1.5943,2.3957,0.013641
2024-12-12,1.6068,1.5978,2.3864,0.013588
2024-12-13,1.6043,1.5931,2.3911,0.013495
2024-12-16,1.6097,1.6021,2.3973,0.013568
2024-12-17,1.6164,1.6083,2.3788,0.013513
2024-12-18,1.6131,1.6095,2.3799,0.013516
2024-12-19,1.6133,1.6039,2.3898,0.01349
2024-12-20,1.6139,1.6103,,0.013488
2024-12-23,1.608,1.6078,2.3787,0.013427
2024-12-24,1.6166,1.6121,2.3917,0.013394
2024-12-25,1.6221,1.6216,2.3993,0.01341
2024-12-26,1.6241,1.6191,2.399,0.01335
2024-12-27,1.6288,1.6253,2.3904,0.013425
2024-12-30,1.6246,1.6135,2.3855,0.013449
2024-12-31,,1.6145,2.4108,0.013393
